,0,1,2,3,4,5,6,7,8,9,10,11,12,13,14,15,16,17,18,19,20,21,22,23,24
A1,2.399592903111802,-0.056279344549638365,1.9890414857375867,-1.3894511067419768,3.80283022418616e-15,-0.7713246562026878,-1.6932590885597756,-0.15401240538536673,-0.7485146158037086,1.0620178839522314,-1.1221803674215527,2.647282057157757e-15,0.419170744617924,-1.059851903145292e-15,1.07960481064159,-0.07485533325034772,-6.798982361811648e-10,-0.6391326469686732,8.918690113552006e-11,-0.23322228732177552,-0.35733691930245787,-0.6906366132884364,0.5182650485896771,1.2730648531462302e-14,0.20952922314957928
A2,2.9096225201084125,0.26089107971989545,2.2032387060340484,-1.3149098638230738,-0.712436443574023,-1.237738938606023,-1.1944395107311734,0.6642738296723095,-0.6606558149375242,0.635884378724693,-0.6060470902877391,0.9111732410418697,0.03201961466243874,-0.6593475197598777,0.27997798054492806,-0.4735779238369914,-0.8919880691935733,-0.14306021998055737,-0.47298137254881567,-0.03151128334563174,0.3231220134644892,0.01814823040587628,0.037966405331465315,-0.6558358186638436,-0.0008133800459251335
A3,2.3902393869343226,0.8688425366901307,1.2599067312774264,-0.5579949911862222,-1.6418162130713823,-1.1936340248611805,0.5070899102546904,1.1962082324132504,-0.49978211850101545,-0.6677092117088324,0.23392737700326469,1.200690798809995,0.3131361608005834,-0.6076593966724081,-0.9598919589019304,-0.27606791658723606,-0.5219828846360554,-0.2256737501425649,-0.1660251375588034,-0.4836298216966857,0.2739090306202378,0.5623588233123892,-0.42875324189970226,0.005491554005842629,0.6637649346703524
A4,1.697895600113906,1.6200768523519897,0.0,-0.1985607945823385,-2.064610362105214,-0.5741627209359185,1.5348945209144318,0.624297128915481,-0.947759349289042,-1.3058642456299114,-9.106116495328833e-15,2.535693440758531e-17,0.7669355548282931,-0.22813429797936333,-0.5906357085237245,0.6786421893151207,0.4958859069020265,-0.4958859079570588,-0.34816880571585573,-0.34816880598213645,0.3330360830919149,-3.5095018858151365e-14,0.058364567969179965,0.9273921376516796,8.559304964380561e-14
A5,0.9799455021064292,2.3468784572950683,-1.2599067312774255,-0.5579949911862241,-1.6418162130713827,0.5677807127559739,1.165987746338156,-0.013080279651678933,-1.2963507270607129,-0.6677092117088282,-0.23392737700327973,-1.2006907988099953,0.31313616080058493,-0.6076593966724082,0.4058992634586291,0.9126071746688944,0.22567375125311437,0.5219828841559206,-0.4836298215697089,-0.16602513792868928,0.2739090306202412,-0.5623588233123689,-0.4287532418997346,0.005491554005919499,-0.6637649346703441
A6,0.3970120404738405,2.8941922542772094,-2.2032387060340466,-1.3149098638230805,-0.7124364435740238,1.7177857275931412,-0.0888572957870829,0.3447330868283128,-0.8711400148334999,0.6358843787246891,0.6060470902877444,-0.9111732410418694,0.03201961466243635,-0.6593475197598772,0.4304070195878957,-0.34265655841561604,0.1430602218783181,0.8919880688892021,-0.03151128298388999,-0.4729813725729195,0.32312201346449215,-0.018148230405834572,0.037966405331474044,-0.6558358186637736,0.0008133800458204163
A7,0.05627934454963877,2.39959290311181,-1.9890414857375849,-1.3894511067419812,3.678064501555014e-15,1.6932590885597703,-0.7713246562026872,0.7485146158037158,-0.15401240538536803,1.0620178839522176,1.122180367421565,-2.67297086717574e-15,0.4191707446179234,-7.205453172238157e-16,-0.07485533325034814,-1.0796048106415825,0.6391326469686723,-6.798987566847745e-10,-0.23322228732177694,-8.918721564178667e-11,-0.35733691930245154,0.6906366132884166,0.5182650485897173,9.495940469374153e-14,-0.20952922314958913
B1,2.8941922542772125,-0.39701204047383953,2.203238706034048,-1.314909863823071,0.7124364435740305,-0.08885729578708572,-1.7177857275931419,-0.8711400148334993,-0.344733086828306,0.635884378724693,-0.606047090287744,-0.9111732410418649,0.03201961466244128,0.6593475197598767,0.34265655841561604,0.4304070195878988,0.8919880688892023,-0.14306022187831915,0.4729813725729152,-0.031511282983892046,0.3231220134644962,0.018148230405840612,0.03796640533133638,0.6558358186638522,-0.0008133800456538064
B2,3.272231731964609,-0.07674595838763834,2.3083697752007706,-0.8247057472235437,3.3383876030571664e-15,-0.45032998414335623,-0.9885919403325045,0.08707052962655194,0.4231708729447321,0.33809289929949843,0.4114620980714451,-2.2635682183653847e-16,-1.1264636382629662,3.250059325146789e-15,-0.1784804138925115,0.012375093857392883,1.1423405770455227e-09,1.0738477518761547,-3.3510056701528494e-10,0.87629037425285,0.904768278375544,0.31609669743291463,-0.11246468603272249,9.048460939119848e-14,-1.059669010817125
B3,2.6106431644817243,0.6900858857010981,1.3241818347205123,0.32132826622100263,-1.2301258706494647,-0.7913663379957434,0.8197891936099976,0.7896568741389945,0.9222384052089824,-0.4205569796342893,1.0681273383328278,0.8093102671280862,-0.8935851462760668,0.3745785113654614,-0.4839590760419871,-0.4887583763796385,0.09939909722538144,0.5771896198753403,0.8849212090506485,0.23152194167956877,0.2881724112938964,-0.02180147164946896,0.06313433770389944,-0.3134186758736153,0.00747922523411886
B4,1.7251752282122574,1.6461061877363017,1.1643606361877278e-15,0.8578777214164803,-1.7992709110078149,-0.667291013044415,1.7838520029788385,-0.18796497993458727,0.28535381442711155,-0.7891407803161986,-4.460138691589633e-15,-1.8019012588976127e-16,-0.17240396585078616,1.1733713589714923,0.11847184597442624,-0.13612450409617474,0.694672760093392,-0.6946727615713515,0.606654077043961,0.6066540775079372,0.4203074989532303,-3.1235136508086824e-14,1.169047416231186,-0.006424188761265744,-5.96750222351615e-15
B5,0.8117182891602623,2.5754202920963696,-1.3241818347205112,0.32132826622100413,-1.230125870649462,0.05904550279306139,1.1379053701747046,-1.1590790027122297,-0.36141045971167685,-0.42055697963426936,-1.0681273383328345,-0.8093102671280844,-0.8935851462760654,0.374578511365461,0.5508718356656422,0.4118754161576491,-0.5771896200868193,-0.09939909599736806,0.2315219410027726,0.8849212092277232,0.28817241129389715,0.021801471649489472,0.06313433770388369,-0.3134186758736957,-0.007479225234192193
B6,0.0767459583876405,3.2722317319646086,-2.308369775200768,-0.8247057472235443,2.009480348230168e-15,0.9885919403325029,-0.4503299841433585,-0.42317087294473243,0.08707052962655268,0.33809289929950326,-0.41146209807144496,9.651630168000876e-16,-1.126463638262967,2.5438463639935973e-15,0.012375093857392726,0.17848041389250746,-1.0738477518761491,1.1423403202100871e-09,0.8762903742528505,3.3509607018169516e-10,0.9047682783755303,-0.3160966974329155,-0.1124646860327353,-1.1371808276394037e-13,1.059669010817135
B7,-0.26089107971989417,2.9096225201084045,-2.2032387060340475,-1.3149098638230727,0.7124364435740299,1.1944395107311763,-1.2377389386060234,0.6606558149375289,0.6642738296723109,0.6358843787246824,0.6060470902877536,0.9111732410418661,0.03201961466243842,0.6593475197598769,-0.4735779238369879,-0.27997798054492906,0.14306021998055707,-0.8919880691935719,-0.03151128334563242,0.4729813725488191,0.323122013464495,-0.018148230405892002,0.03796640533132238,0.6558358186637803,0.0008133800457633542
C1,2.346878457295068,-0.9799455021064292,1.2599067312774246,-0.5579949911862133,1.6418162130713883,1.1659877463381567,-0.5677807127559746,-1.2963507270607093,0.013080279651673169,-0.6677092117088346,0.2339273770032605,-1.2006907988099964,0.3131361608005858,0.6076593966724056,-0.9126071746688961,0.40589926345862964,0.5219828841559199,-0.22567375125311662,0.16602513792868756,-0.48362982156970746,0.2739090306202377,0.5623588233123917,-0.4287532418996988,-0.005491554006011719,0.6637649346703495
C2,2.5754202920963687,-0.8117182891602616,1.3241818347205117,0.3213282662210096,1.2301258706494593,1.137905370174705,-0.05904550279306248,-0.3614104597116759,1.1590790027122266,-0.4205569796342885,1.0681273383328242,-0.8093102671280901,-0.8935851462760691,-0.37457851136545645,-0.41187541615765166,0.5508718356656412,-0.09939909599737104,0.5771896200868195,-0.8849212092277193,0.23152194100277113,0.2881724112938945,-0.02180147164950645,0.06313433770382146,0.3134186758736226,0.007479225234003803
C3,1.8850020521041833,-0.0442102824314813,0.7606742510963102,1.6662393800843032,-3.9130883650867425e-15,0.3740658633645097,0.8211722752130856,0.38258022736361574,1.8593754911017153,0.37326191124209696,1.196498959001103,-1.925599972042422e-15,-0.5744733754167688,1.7314783150418398e-16,0.6962825067818528,-0.04827734979299313,3.543982280657993e-10,0.3331499185110252,3.1240088130549053e-10,-0.816931507213499,-0.22507005868731084,-0.9740721766794378,-0.31626686791495734,-8.830833997297248e-14,0.2913934882161668
C4,0.9728265174644515,0.928239476085943,9.241659795137295e-16,2.284535384608053,-0.5815180786624575,-0.40511725779382163,1.0829896066781004,-0.7705120448922005,1.1697314635340268,0.7730608587124581,7.670944914392522e-15,8.193601897545255e-16,0.3047247573810892,0.9516878047527598,0.7461929870558379,-0.8573779659426427,0.44696841599237674,-0.4469684169433294,-0.43126911145591174,-0.4312691117857513,0.47029775808335456,1.3103659638595475e-14,0.06519209012296542,-0.4507295607964663,-2.18149282466762e-14
C5,0.04421028243147897,1.8850020521041853,-0.7606742510963083,1.6662393800843054,-6.483658716959779e-15,-0.8211722752130864,0.3740658633645088,-1.8593754911017144,0.38258022736361663,0.3732619112421188,-1.1964989590010946,4.1724297344854165e-15,-0.5744733754167667,1.988093635056097e-15,-0.04827734979299477,-0.6962825067818516,-0.333149918511028,3.5439949778929104e-10,-0.8169315072134977,-3.1239948850165127e-10,-0.2250700586873038,0.9740721766794591,-0.31626686791491243,2.87068992916118e-14,-0.2913934882161684
C6,-0.6900858857010969,2.6106431644817225,-1.3241818347205119,0.32132826622101046,1.2301258706494598,-0.819789193609997,-0.7913663379957423,-0.922238405208986,0.789656874138996,-0.42055697963427374,-1.0681273383328282,0.8093102671280915,-0.8935851462760688,-0.374578511365456,-0.4887583763796395,0.4839590760419843,-0.5771896198753421,0.09939909722537715,0.23152194167956983,-0.8849212090506515,0.2881724112938934,0.021801471649481725,0.06313433770384787,0.31341867587370603,-0.007479225233927688
C7,-0.868842536690131,2.390239386934319,-1.2599067312774248,-0.5579949911862139,1.6418162130713883,-0.5070899102546901,-1.1936340248611814,0.49978211850101306,1.1962082324132493,-0.6677092117088386,-0.23392737700326655,1.2006907988099966,0.3131361608005874,0.6076593966724062,-0.276067916587234,0.9598919589019285,0.2256737501425603,-0.5219828846360555,-0.48362982169668534,0.16602513755880574,0.27390903062024186,-0.5623588233123686,-0.42875324189973596,-0.005491554005931784,-0.6637649346703451
D1,1.6200768523519926,-1.6978956001139063,-1.5933064180092722e-16,-0.19856079458232595,2.0646103621052188,1.5348945209144336,0.5741627209359155,-0.9477593492890373,-0.6242971289154892,-1.3058642456299108,-8.404556903777338e-15,3.2751678887706235e-16,0.7669355548282949,0.22813429797936094,-0.6786421893151197,-0.5906357085237238,-0.49588590795705656,-0.49588590690202966,0.34816880598213734,-0.34816880571585274,0.3330360830919102,3.0708141500882444e-14,0.05836456796937312,-0.927392137651666,-8.6440505580873e-14
D2,1.646106187736303,-1.725175228212258,4.060538846811892e-16,0.8578777214164907,1.7992709110078122,1.7838520029788372,0.6672910130444136,0.28535381442711566,0.1879649799345836,-0.789140780316193,-4.628960401805806e-15,-9.377060247877713e-16,-0.17240396585079226,-1.1733713589714903,0.13612450409617843,0.1184718459744215,-0.694672761571352,-0.6946727600933905,-0.6066540775079383,0.6066540770439639,0.4203074989532309,-3.326655982977669e-14,1.1690474162311826,0.00642418876150869,-5.5084635909379845e-15
D3,0.9282394760859425,-0.9728265174644518,7.221437235858088e-16,2.284535384608055,0.5815180786624419,1.0829896066780975,0.4051172577938217,1.169731463534026,0.770512044892205,0.773060858712458,6.851034902831081e-15,-1.7360047841717806e-15,0.30472475738108395,-0.9516878047527616,0.8573779659426436,0.7461929870558355,-0.44696841694333034,-0.4469684159923738,0.431269111785748,-0.43126911145590985,0.4702977580833582,-1.7547509429075683e-14,0.06519209012285804,0.4507295607964765,2.2655322050934686e-14
D4,-1.1142982297000513e-15,-6.489037855693186e-16,1.2626295735591206e-15,2.9355985140806933,-8.95578358799999e-15,1.0713647110148471e-15,-2.0088088331528382e-15,2.1608269774632712e-15,7.068098515756749e-15,1.553377839703568,1.075854874164333e-14,-1.0844102711653556e-15,1.2811599240359308,-3.352719084450636e-15,-6.168508633986433e-16,-3.476765076239759e-16,-1.8724145734944466e-16,-8.148968007118607e-16,-1.6503567656233301e-15,-6.342910151873786e-16,1.6773145684844728,3.624871063067988e-15,-0.2651783638842962,-3.362588881620307e-14,1.3163815555780005e-14
D5,-0.9282394760859443,0.9728265174644511,2.1973713361483573e-16,2.284535384608056,0.5815180786624421,-1.0829896066780973,-0.4051172577938227,-1.169731463534023,-0.7705120448921969,0.7730608587124658,2.588975428683963e-15,-1.11429037589433e-15,0.30472475738108484,-0.9516878047527614,-0.8573779659426447,-0.7461929870558369,0.4469684169433306,0.4469684159923726,-0.4312691117857499,0.4312691114559097,0.47029775808335844,-2.1848928136527674e-14,0.06519209012285714,0.4507295607964809,2.535305678393252e-14
D6,-1.6461061877363037,1.725175228212257,-6.127319389625521e-16,0.8578777214164908,1.7992709110078111,-1.7838520029788354,-0.6672910130444152,-0.28535381442711644,-0.18796497993458916,-0.789140780316191,-5.4258130411267915e-15,-1.2646453255495404e-15,-0.17240396585079168,-1.1733713589714898,-0.13612450409617877,-0.11847184597442102,0.6946727615713517,0.6946727600933894,0.6066540775079355,-0.6066540770439659,0.42030749895323166,-2.9796582569501886e-14,1.1690474162311886,0.00642418876150567,-3.5169421388296364e-15
D7,-1.6200768523519926,1.6978956001139052,-9.537895615905469e-16,-0.1985607945823269,2.0646103621052156,-1.5348945209144347,-0.574162720935916,0.9477593492890364,0.6242971289154786,-1.3058642456299174,-5.192227164918817e-15,-5.57609476209678e-17,0.766935554828296,0.2281342979793594,0.67864218931512,0.5906357085237243,0.4958859079570569,0.49588590690202855,-0.34816880598213823,0.3481688057158532,0.33303608309191196,3.0651169067671156e-14,0.05836456796936944,-0.927392137651667,-8.46325995817959e-14
E1,0.8688425366901317,-2.390239386934319,-1.2599067312774244,-0.557994991186213,1.6418162130713885,0.5070899102546879,1.1936340248611803,-0.49978211850101223,-1.1962082324132528,-0.667709211708828,-0.23392737700327082,1.200690798809997,0.31313616080058726,0.6076593966724066,0.2760679165872359,-0.95989195890193,-0.22567375014256136,0.5219828846360556,0.48362982169668645,-0.1660251375588044,0.27390903062024147,-0.5623588233123683,-0.42875324189973935,-0.005491554005931735,-0.6637649346703431
E2,0.6900858857010972,-2.6106431644817216,-1.3241818347205117,0.3213282662210107,1.230125870649463,0.8197891936099949,0.7913663379957407,0.9222384052089859,-0.7896568741389949,-0.42055697963426836,-1.0681273383328307,0.8093102671280911,-0.8935851462760677,-0.3745785113654573,0.48875837637963837,-0.4839590760419838,0.5771896198753425,-0.09939909722537743,-0.2315219416795697,0.8849212090506481,0.28817241129389826,0.021801471649481267,0.06313433770384458,0.31341867587370953,-0.007479225233921685
E3,-0.04421028243147985,-1.8850020521041828,-0.7606742510963092,1.666239380084304,-5.503961908330026e-15,0.8211722752130842,-0.3740658633645099,1.8593754911017166,-0.3825802273636093,0.3732619112421185,-1.1964989590010953,3.381826616010505e-15,-0.5744733754167661,3.0258196815179502e-15,0.0482773497929929,0.6962825067818519,0.33314991851102604,-3.543983412173728e-10,0.8169315072134953,3.123982795082885e-10,-0.2250700586873007,0.9740721766794601,-0.31626686791490854,2.9660382626088915e-14,-0.29139348821617
E4,-0.972826517464453,-0.928239476085943,2.553995253164916e-16,2.2845353846080516,-0.5815180786624572,0.4051172577938218,-1.0829896066781013,0.7705120448921982,-1.1697314635340184,0.7730608587124643,3.479002414214136e-15,9.024461269174641e-17,0.3047247573810903,0.9516878047527607,-0.7461929870558367,0.8573779659426422,-0.44696841599237497,0.4469684169433279,0.43126911145591085,0.43126911178575045,0.4702977580833551,1.4983749934567872e-14,0.06519209012297286,-0.4507295607964669,-2.0141202770968118e-14
E5,-1.8850020521041857,0.04421028243147962,0.7606742510963087,1.6662393800843038,-4.420486580557864e-15,-0.37406586336450887,-0.8211722752130867,-0.3825802273636129,-1.8593754911017149,0.3732619112421105,1.1964989590010955,-1.4785677343415732e-15,-0.5744733754167688,1.4078074797261479e-15,-0.6962825067818502,0.04827734979299414,-3.5439825357310245e-10,-0.3331499185110277,-3.1239734380515626e-10,0.8169315072134982,-0.22507005868731192,-0.974072176679441,-0.31626686791496095,-9.017561457124331e-14,0.2913934882161631
E6,-2.57542029209637,0.8117182891602622,1.3241818347205112,0.32132826622100985,1.230125870649462,-1.1379053701747046,0.05904550279306096,0.3614104597116745,-1.1590790027122337,-0.4205569796342805,1.068127338332821,-0.809310267128091,-0.8935851462760713,-0.3745785113654558,0.41187541615765066,-0.5508718356656419,0.0993990959973717,-0.5771896200868176,0.8849212092277196,-0.23152194100277296,0.2881724112938956,-0.021801471649504287,0.06313433770382247,0.3134186758736238,0.007479225234003041
E7,-2.3468784572950674,0.9799455021064296,1.2599067312774233,-0.5579949911862133,1.6418162130713891,-1.1659877463381565,0.5677807127559744,1.2963507270607069,-0.013080279651680767,-0.6677092117088371,0.2339273770032619,-1.2006907988099962,0.3131361608005864,0.607659396672404,0.9126071746688954,-0.4058992634586295,-0.5219828841559194,0.22567375125311742,-0.16602513792868706,0.48362982156970724,0.27390903062023514,0.5623588233123904,-0.42875324189970193,-0.0054915540060078115,0.6637649346703501
F1,0.26089107971989506,-2.9096225201084045,-2.2032387060340453,-1.3149098638230716,0.71243644357403,-1.1944395107311785,1.2377389386060227,-0.6606558149375289,-0.6642738296723076,0.6358843787246885,0.6060470902877501,0.9111732410418675,0.03201961466244197,0.6593475197598764,0.4735779238369898,0.27997798054492873,-0.14306021998055585,0.8919880691935734,0.03151128334563042,-0.4729813725488181,0.32312201346449454,-0.018148230405891166,0.03796640533132401,0.6558358186637773,0.0008133800457602469
F2,-0.07674595838763978,-3.272231731964605,-2.3083697752007684,-0.8247057472235443,2.0375412659197126e-15,-0.9885919403325049,0.45032998414335684,0.4231708729447318,-0.08707052962654963,0.3380928992995049,-0.41146209807144446,4.6667294115155904e-15,-1.126463638262966,2.111711219589222e-15,-0.012375093857394779,-0.1784804138925057,1.073847751876151,-1.1423407248635382e-09,-0.8762903742528513,-3.350989072944819e-10,0.9047682783755279,-0.3160966974329132,-0.11246468603272561,-1.1944587137381238e-13,1.0596690108171358
F3,-0.811718289160263,-2.575420292096371,-1.3241818347205117,0.3213282662210023,-1.2301258706494642,-0.059045502793062525,-1.1379053701747046,1.1590790027122304,0.36141045971167585,-0.4205569796342738,-1.0681273383328322,-0.8093102671280851,-0.8935851462760669,0.37457851136546305,-0.5508718356656436,-0.4118754161576481,0.5771896200868204,0.09939909599736785,-0.23152194100277407,-0.884921209227719,0.28817241129389093,0.0218014716494856,0.06313433770387548,-0.31341867587369293,-0.007479225234196035
F4,-1.7251752282122594,-1.6461061877363041,-8.599185641453822e-16,0.8578777214164793,-1.7992709110078173,0.6672910130444154,-1.7838520029788365,0.18796497993458616,-0.2853538144271187,-0.7891407803161925,-4.512646074018307e-15,4.620524169817416e-16,-0.172403965850785,1.1733713589714911,-0.11847184597442269,0.13612450409617516,-0.6946727600933932,0.694672761571351,-0.6066540770439629,-0.6066540775079394,0.4203074989532331,-3.314371302066486e-14,1.1690474162311795,-0.0064241887612638705,-2.146888373904035e-15
F5,-2.6106431644817243,-0.6900858857010976,1.32418183472051,0.3213282662210021,-1.2301258706494624,0.7913663379957431,-0.819789193609995,-0.7896568741389951,-0.9222384052089898,-0.4205569796342807,1.0681273383328256,0.8093102671280873,-0.893585146276068,0.3745785113654589,0.48395907604198646,0.48875837637963976,-0.09939909722538162,-0.5771896198753403,-0.8849212090506494,-0.23152194167956974,0.288172411293894,-0.021801471649467993,0.06313433770389965,-0.31341867587361666,0.00747922523411903
F6,-3.272231731964609,0.07674595838764076,2.308369775200767,-0.8247057472235444,1.890374867050015e-15,0.45032998414335723,0.9885919403325037,-0.08707052962655099,-0.4231708729447314,0.3380928992995018,0.41146209807144507,-4.620524169817416e-17,-1.1264636382629667,4.223422439178444e-15,0.17848041389250863,-0.012375093857394198,-1.1423408731950603e-09,-1.07384775187615,3.3509672825862353e-10,-0.8762903742528468,0.9047682783755459,0.3160966974329159,-0.11246468603272276,8.983575672738184e-14,-1.0596690108171238
F7,-2.8941922542772107,0.3970120404738406,2.2032387060340435,-1.3149098638230718,0.7124364435740319,0.08885729578708511,1.717785727593143,0.8711400148335005,0.3447330868283125,0.635884378724692,-0.606047090287745,-0.9111732410418656,0.03201961466244055,0.6593475197598783,-0.3426565584156158,-0.4304070195879019,-0.8919880688892047,0.14306022187831735,-0.4729813725729183,0.03151128298388999,0.3231220134644943,0.01814823040584119,0.03796640533134039,0.6558358186638488,-0.0008133800456530155
G1,-0.05627934454963749,-2.399592903111805,-1.9890414857375844,-1.3894511067419792,4.616600943656855e-15,-1.6932590885597714,0.7713246562026888,-0.748514615803715,0.1540124053853685,1.0620178839522176,1.1221803674215638,-4.066061269439326e-15,0.4191707446179236,-1.0949613731203372e-15,0.07485533325034759,1.0796048106415834,-0.6391326469686729,6.798988832831822e-10,0.2332222873217757,8.91859763198362e-11,-0.3573369193024495,0.6906366132884131,0.5182650485897096,1.0083865442239693e-13,-0.20952922314959027
G2,-0.39701204047383953,-2.8941922542772076,-2.2032387060340457,-1.3149098638230772,-0.712436443574023,-1.7177857275931445,0.08885729578708641,-0.3447330868283099,0.8711400148335003,0.635884378724683,0.6060470902877484,-0.9111732410418705,0.032019614662435365,-0.6593475197598769,-0.43040701958789707,0.34265655841561665,-0.14306022187832032,-0.8919880688892035,0.03151128298389064,0.4729813725729198,0.32312201346449226,-0.018148230405832567,0.03796640533147717,-0.6558358186637733,0.0008133800458237214
G3,-0.9799455021064295,-2.3468784572950647,-1.2599067312774248,-0.5579949911862244,-1.641816213071385,-0.5677807127559734,-1.1659877463381543,0.013080279651677367,1.2963507270607044,-0.6677092117088378,-0.23392737700327254,-1.2006907988099955,0.31313616080058165,-0.6076593966724066,-0.4058992634586279,-0.912607174668897,-0.2256737512531127,-0.5219828841559212,0.4836298215697083,0.16602513792869075,0.27390903062024213,-0.5623588233123673,-0.4287532418997331,0.005491554005918146,-0.6637649346703451
G4,-1.6978956001139067,-1.6200768523519922,-1.345017745691331e-15,-0.19856079458234,-2.0646103621052188,0.5741627209359177,-1.5348945209144327,-0.6242971289154847,0.9477593492890316,-1.3058642456299172,-5.468075448441725e-15,-6.468733837744383e-16,0.7669355548282945,-0.2281342979793649,0.5906357085237237,-0.678642189315123,-0.49588590690202594,0.4958859079570574,0.34816880571585457,0.3481688059821355,0.3330360830919185,-3.316151690604339e-14,0.05836456796918644,0.9273921376516779,8.786705640826976e-14
G5,-2.3902393869343195,-0.868842536690132,1.2599067312774233,-0.5579949911862244,-1.641816213071383,1.1936340248611825,-0.5070899102546881,-1.1962082324132501,0.4997821185010085,-0.6677092117088366,0.2339273770032679,1.2006907988099946,0.31313616080058426,-0.6076593966724104,0.9598919589019287,0.2760679165872361,0.5219828846360561,0.225673750142565,0.16602513755880288,0.4836298216966856,0.27390903062023536,0.5623588233123911,-0.4287532418997005,0.00549155400584303,0.6637649346703507
G6,-2.9096225201084067,-0.2608910797198948,2.2032387060340435,-1.3149098638230767,-0.7124364435740216,1.237738938606023,1.1944395107311763,-0.6642738296723069,0.6606558149375318,0.6358843787246925,-0.6060470902877405,0.9111732410418688,0.0320196146624386,-0.6593475197598766,-0.2799779805449297,0.4735779238369934,0.8919880691935735,0.14306021998055543,0.4729813725488165,0.03151128334563191,0.3231220134644909,0.018148230405874873,0.03796640533145921,-0.6558358186638412,-0.0008133800459275064
G7,-2.39959290311181,0.0562793445496371,1.9890414857375835,-1.38945110674198,5.49087171776272e-15,0.7713246562026876,1.6932590885597691,0.15401240538536767,0.7485146158037204,1.0620178839522303,-1.1221803674215518,2.033030634719663e-15,0.4191707446179239,-3.1284610660581064e-16,-1.0796048106415832,0.07485533325034734,6.798976852763901e-10,0.639132646968669,-8.918377461302932e-11,0.23322228732177414,-0.3573369193024566,-0.690636613288438,0.5182650485896801,1.291459806673585e-14,0.2095292231495811
B5-C5,0.26602958869998344,1.3872676025822723,-0.6641688321530022,0.60881739565319,-0.4053072520128348,-0.26106347252834833,0.5149547766535099,-1.0921924434576225,0.009401610601083268,0.0024789895549358633,-0.8538273870204472,-0.3041891417326225,-0.38946618978216685,0.15171550126668987,0.20690001946393566,-0.11892927035496104,-0.38814515848684417,-0.043110806614529054,-0.25922210492583636,0.39434783606928503,-0.583613296567793,0.4739020569765969,-0.225040806907772,-0.14953750746164793,-0.14099543028324166
C4-C5,0.3166294187705154,0.8757166310391132,-0.24257577972145009,1.2564632624202103,-0.19203935202276404,-0.41836750633130343,0.4969458860371263,-0.9512663881122321,0.5615261732462022,0.44054975059589846,-0.45103908323942765,1.5016703551906603e-15,0.08924331997832131,0.38283594499643364,0.28803761771810055,-0.6414004295251903,0.048205820597257004,-0.1900835956522508,-0.5551897736670166,-0.19183418137630917,-0.4961717626599116,0.4624943244014647,-0.22442820045863768,-0.21488841021075886,-0.13883866100888306
A1-B1,2.342035321207179,-0.1819423614420476,1.904965726558176,-1.2937563808774504,0.2901896658917613,-0.4597584323232234,-1.6475234455996721,-0.4729919342134431,-0.5800241063817008,0.9084669833825009,-0.9418036271777128,-0.4192229393730252,0.33724667344236553,0.3213443595400196,0.8581821732943953,0.1673315993588529,0.45815211976834547,-0.487984128921636,0.2531434000392833,-0.17243416508282644,-0.2628013796696632,-0.4821079555581051,0.35916015134552615,0.37447672673293214,0.14683736744308845
B1-C1,2.022217843703079,-0.5316356046463249,1.365650873476357,-0.7906654274230928,0.9596189420636227,0.4538825575958332,-0.9545029125578893,-0.9572435057638977,-0.14190807693424068,-0.005360519276758552,-0.16494008292277923,-0.9723937207271351,0.287462544420102,0.6166033916327723,-0.2894865799976497,0.4188142315119733,0.7258930970925663,-0.18347616543173756,0.34016492296366313,-0.27212402497827387,-0.04970869565880087,0.33409535859920664,-0.291740686120414,0.3720595197351158,0.3752980881044685
B2-B3,1.827214116223724,0.19063808209626262,1.1552947723262579,-0.21158933697243065,-0.4053072520128327,-0.4207112552648873,-0.054174326893120135,0.31606295950747465,0.48959564070974665,-0.012401883421627857,0.5602872042054013,0.30418914173262396,-0.6093915267630446,0.15171550126669073,-0.27339200791675033,-0.19619021196680392,0.04311080777689365,0.7045235406915671,0.3943478359791662,0.4948803143811059,-0.06524326582255527,0.13896119466313828,-0.1293654453491163,-0.14953750746157948,-0.5042893622807182
B3-B4,1.3478324994593784,0.7262263215075223,0.4215930524315522,0.3420339093869728,-0.9983636158671783,-0.49579081623636684,0.8868591699782155,0.21521554387054168,0.43934403868863536,-0.4231762528621585,0.4027883037810144,0.3041891417326234,-0.2294793596021047,0.6243956129576531,-0.14838527482474834,-0.2587486939750619,0.33793983333694577,-0.04856164308118876,0.6652202491960165,0.3750059012267311,-0.2870379127316011,-0.011407732575139438,0.48203515698293625,-0.15448310945556876,0.002156769274329754
B4-C4,0.839216204734078,0.8007528538958214,7.940997778716958e-16,0.9896797761539936,-0.7850957158771084,-0.36528668868893527,0.976511564731494,-0.34769589576532706,0.5278448685059169,0.0148945081788117,1.901484978871595e-15,-2.77231450189045e-16,0.24923015015838354,0.8555160566873966,0.35788873976008223,-0.41121522856969966,0.48491262144630093,-0.48491262247798245,0.07903823197678371,0.07903823203723458,-0.19959637882371906,-4.8248529375806714e-15,0.4826477634320629,-0.21983401220471868,-1.5197709804741723e-14
C4-D4,0.3028684404121325,0.28898723195155557,6.856170732163568e-16,1.675520188975122,-0.19203935202276537,-0.13814390321203449,0.3692965642078878,-0.2787304875027332,0.4231469491482676,0.8740605250342748,7.326497039241444e-15,1.155131042454354e-17,0.8305241501385274,0.38283594499643175,0.3079742510350444,-0.35386333226872857,0.1900835953987639,-0.1900835958031787,-0.19183418109064343,-0.19183418123735957,0.38627776966687666,1.1743442795676054e-14,-0.20015605441053397,-0.214888410210789,-6.313546731151998e-15
C7-D7,-0.9613417720132084,1.5788839153822338,-0.49741743557615914,-0.3370345568789072,1.5114504576166183,-0.8588710303565843,-0.7417561550514976,0.6369747792547754,0.8046342666363193,-0.875019384796252,-0.10942028741268003,0.5531707813541081,0.6450042392352078,0.4043089369105639,0.19983363002643234,0.7748277373074511,0.37014293328245096,-0.012028921993669875,-0.44295158219146985,0.2719562620326872,-0.04286798600271882,-0.320133478564089,-0.2745093149576478,-0.5314817663360178,-0.37904981587373476
D6-D7,-1.1375616813685452,1.192203302485173,-5.454112143225344e-16,0.16409054454037744,1.435077545299096,-1.252156313047882,-0.4683979686814817,0.31324726927074936,0.206338635427908,-0.8595149561186307,-3.8724073204671136e-15,-6.584246941989819e-16,0.46194294585195605,-0.36363020687315156,0.2810894393438118,0.24463769388242296,0.5505410823471987,0.5505410811758873,0.085937673888058,-0.08593767382233491,-0.1176270630469943,6.070234719808597e-15,0.5069608645825828,-0.524118957344203,-5.109453087235426e-14
A5-A6,0.5316356046463255,2.022217843703078,-1.3656508734763557,-0.7906654274230999,-0.9596189420636201,0.9545029125578899,0.4538825575958328,0.14190807693424112,-0.9572435057638984,-0.005360519276758342,0.16494008292277232,-0.9723937207271361,0.2874625444201001,-0.6166033916327738,0.41881423151197084,0.28948657999764876,0.18347616543173695,0.7258930970925662,-0.27212402497827337,-0.340164922963666,-0.04970869565880179,-0.3340953585991857,-0.291740686120357,-0.37205951973513723,-0.3752980881043725
A6-A7,0.18194236144204648,2.34203532120718,-1.904965726558173,-1.2937563808774541,-0.2901896658917546,1.647523445599671,-0.4597584323232244,0.5800241063817096,-0.47299193421344315,0.9084669833824892,0.9418036271777215,-0.41922293937302935,0.3372466734423636,-0.32134435954002094,0.16733159935885045,-0.8581821732943888,0.4879841289216359,0.4581521197683439,-0.1724341650828263,-0.25314340003928554,-0.2628013796696621,0.482107955558095,0.35916015134563334,-0.3744767267328167,-0.1468373674430022
A4-B4,1.1922033024851733,1.1375616813685445,3.760270520800352e-16,0.16409054454036917,-1.4350775452990967,-0.4683979686814823,1.2521563130478823,0.20633863542790956,-0.3132472692707544,-0.8595149561186286,-5.396444866835794e-15,-6.006681420762641e-16,0.4619429458519572,0.36363020687314873,-0.24463769388242065,0.28108943934381414,0.5505410811758867,-0.5505410823471998,0.08593767382233279,0.08593767388805969,-0.11762706304699404,-3.2837486192154204e-14,0.5069608645824739,0.5241189573443085,4.502815878951358e-14
E2-F2,0.19063808209626254,-1.8272141162237225,-1.1552947723262574,-0.21158933697242818,0.40530725201283485,-0.05417432689312066,0.42071125526488773,0.4895956407097491,-0.3160629595074746,-0.012401883421618094,-0.5602872042054003,0.30418914173262757,-0.6093915267630458,-0.1517155012666883,0.1961902119668032,-0.2733920079167468,0.7045235406915662,-0.043110807776892066,-0.4948803143811049,0.39434783597916606,-0.06524326582256056,-0.1389611946631249,-0.12936544534914507,0.1495375074615915,0.5042893622808143
F2-F3,-0.27609122780859424,-1.8162675845810068,-1.1552947723262579,-0.21158933697243115,-0.4053072520128327,-0.3529786269386495,-0.23524223031885003,0.5746060642268881,0.0970956061225154,-0.012401883421620085,-0.5602872042054007,-0.3041891417326239,-0.6093915267630448,0.1517155012666902,-0.23204323848816802,-0.24370007126846205,0.7045235407832866,0.043110806277972195,-0.4948803140795041,-0.3943478363576557,-0.06524326582256447,-0.1389611946631223,-0.12936544534913008,-0.1495375074617182,0.5042893622806834
E5-F5,-1.398214134224989,-0.20069972120487367,0.664168832153002,0.6088173956531889,-0.405307252012834,0.14099870893022962,-0.5598677725738777,-0.42256017623107245,-1.007182019940483,0.0024789895549281317,0.8538273870204455,0.30418914173262473,-0.3894661897821682,0.1517155012666891,-0.08923733370667436,0.22133343099103603,-0.043110807440335415,-0.3881451583951225,-0.39434783626753855,0.259222104624237,-0.5836132965677989,-0.47390205697656995,-0.22504080690778464,-0.1495375074616679,0.14099543028320052
F5-G5,-1.734513112356439,-0.5500064121521856,0.9190104880077093,-0.15909119203231267,-1.0747365281846957,0.7691490026063845,-0.49357388728691587,-0.8135111750789538,-0.11561652870461497,-0.4386806815397752,0.5122085911936932,0.8573599230867334,-0.046418066218857,-0.1435435308260655,0.678575318249778,0.34000450329244514,0.22463016983261228,-0.13183650598355562,-0.3073263133409976,0.15388335485279797,-0.21227883568732972,0.3087257459889961,-0.29943502255727134,-0.14712030046391442,0.3812065851480222
E2-E3,0.20069972120487364,-1.3982141342249874,-0.6641688321530019,0.6088173956531918,0.4053072520128318,0.5598677725738764,0.1409987089302278,1.0071820199404833,-0.42256017623107056,0.002478989554936045,-0.8538273870204458,0.304189141732628,-0.3894661897821669,-0.1517155012666878,0.22133343099103467,0.08923733370667689,0.38814515839512365,-0.04311080744033358,0.25922210462423656,0.39434783626753867,-0.5836132965677916,0.4739020569765932,-0.22504080690778816,0.1495375074616624,-0.1409954302831133
E3-F3,-0.2660295886999834,-1.3872676025822726,-0.6641688321530025,0.6088173956531888,-0.40530725201283563,0.2610634725283483,-0.5149547766535099,1.0921924434576225,-0.009401610601080563,0.002478989554933761,-0.8538273870204467,-0.30418914173262346,-0.38946618978216646,0.15171550126669114,-0.20690001946393646,0.11892927035496195,0.3881451584868442,0.04311080661453037,0.2592221049258371,-0.3943478360692831,-0.5836132965677953,0.47390205697659565,-0.22504080690777362,-0.1495375074616471,-0.14099543028324413
B2-C2,1.8162675845810075,-0.27609122780859385,1.1552947723262568,-0.21158933697242832,0.4053072520128333,0.23524223031885128,-0.3529786269386499,-0.09709560612251542,0.5746060642268869,-0.012401883421627981,0.5602872042053989,-0.3041891417326271,-0.6093915267630455,-0.1517155012666869,-0.24370007126846596,0.23204323848816671,-0.04311080627797358,0.7045235407832886,-0.39434783635765636,0.4948803140795045,-0.06524326582255605,0.1389611946631201,-0.12936544534915453,0.14953750746165131,-0.5042893622807726
F5-F6,-1.8272141162237237,-0.1906380820962629,1.1552947723262565,-0.21158933697243115,-0.40530725201283274,0.4207112552648894,0.054174326893121114,-0.3160629595074755,-0.48959564070974976,-0.012401883421623862,0.5602872042054,0.3041891417326249,-0.6093915267630459,0.15171550126669078,0.2733920079167489,0.1961902119668042,-0.04311080777689409,-0.7045235406915651,-0.3943478359791674,-0.4948803143811035,-0.06524326582255427,0.138961194663139,-0.12936544534911712,-0.14953750746158112,-0.5042893622807186
F1-F2,0.07687786345117646,-2.137619261932715,-1.6019351577949024,-0.8431635723632164,0.29018966589176054,-0.8317455044883154,0.6696146703997456,-0.13432149509203187,-0.32601005565480506,0.4209182788413906,0.11686146991107248,0.419222939373027,-0.27551091612408574,0.3213443595400202,0.23104080017426118,0.060666981413342695,0.38921087082065636,0.4581521198734181,-0.37663964399546773,-0.2531434001173727,0.09732687420596384,-0.16433080727337118,-0.12167110891226937,0.3744767267328164,0.5101978593243339
G5-G6,-2.0449182580654317,-0.436246193507099,1.365650873476355,-0.7906654274231003,-0.9596189420636188,1.0180524177412411,0.2839972903082781,-0.823458271226283,0.5083006070971686,-0.005360519276759821,-0.16494008292277348,0.9723937207271361,0.28746254442010083,-0.6166033916327743,0.3445163289196872,0.374855091499904,0.7258930974829252,0.1834761638873535,0.34016492275554083,0.27212402523843543,-0.049708695658805514,0.33409535859922607,-0.2917406861203447,-0.3720595197352177,0.3752980881043135
A1-A2,2.347989894565007,0.07194389265067516,1.9049657265581752,-1.2937563808774528,-0.2901896658917549,-0.9413010024771638,-1.4281679672322882,0.2055755542654483,-0.71964437419,0.9084669833825009,-0.9418036271777117,0.41922293937302896,0.3372466734423642,-0.32134435954002133,0.8268771520388465,-0.28416664501733246,-0.458152120806563,-0.48798412794688767,-0.2531433999074016,-0.17243416527643227,-0.262801379669666,-0.4821079555580838,0.3591601513456011,-0.37447672673291477,0.1468373674429328
A2-A3,2.044918258065433,0.4362461935070993,1.3656508734763575,-0.7906654274230985,-0.9596189420636211,-1.01805241774124,-0.2839972903082757,0.8234582712262839,-0.5083006070971682,-0.005360519276758531,-0.16494008292277493,0.9723937207271357,0.2874625444201002,-0.6166033916327741,-0.3445163289196892,-0.3748550914999034,-0.7258930974829231,-0.1834761638873539,-0.34016492275553983,-0.2721240252384346,-0.049708695658804376,0.33409535859922623,-0.2917406861203424,-0.3720595197352201,0.37529808810431553
B4-B5,0.7886163746635461,1.3123038254389818,-0.42159305243155115,0.34203390938697326,-0.9983636158671788,-0.20798265488598033,0.9945204553478777,-0.4886219511107177,-0.02427969413920193,-0.4231762528621508,-0.40278830378101727,-0.304189141732624,-0.22947935960210455,0.6243956129576533,0.2767511415059173,0.11125593060052921,0.04856164236219965,-0.3379398334402612,0.37500590071796447,0.6652202494828281,-0.2870379127316004,0.011407732575127044,0.48203515698292876,-0.15448310945560734,-0.0021567692743737934
E4-F4,-0.839216204734079,-0.8007528538958233,-2.501550094075254e-16,0.9896797761539935,-0.7850957158771088,0.3652866886889369,-0.9765115647314944,0.3476958957653271,-0.5278448685059167,0.014894508178814854,-6.049479490925087e-18,9.241048339634832e-17,0.2492301501583848,0.8555160566873982,-0.3578887397600807,0.41121522856970033,-0.4849126214463016,0.4849126224779827,-0.07903823197678381,-0.0790382320372332,-0.1995963788237177,-5.576176900554488e-15,0.48264776343206167,-0.21983401220471735,-1.2740087587246313e-14
F4-F5,-1.3478324994593784,-0.7262263215075233,0.42159305243155126,0.3420339093869722,-0.9983636158671788,0.49579081623636884,-0.8868591699782146,-0.21521554387054315,-0.4393440386886402,-0.4231762528621546,0.40278830378101266,0.3041891417326251,-0.22947935960210492,0.6243956129576521,0.1483852748247496,0.2587486939750628,-0.33793983333694644,0.048561643081188655,-0.6652202491960175,-0.37500590122673155,-0.28703791273160095,-0.011407732575140463,0.48203515698293176,-0.15448310945556787,0.002156769274331223
B3-C3,1.398214134224988,0.20069972120487295,0.6641688321530033,0.6088173956531886,-0.40530725201283424,-0.14099870893022873,0.559867772573878,0.4225601762310723,1.0071820199404808,0.002478989554919752,0.8538273870204494,0.3041891417326231,-0.38946618978216757,0.15171550126668953,0.0892373337066759,-0.22133343099103486,0.04311080744033567,0.3881451583951217,0.3943478362675402,-0.259222104624237,-0.5836132965677969,-0.4739020569765706,-0.22504080690778594,-0.14953750746166605,0.14099543028320252
C3-D3,0.8757166310391126,-0.3166294187705161,0.24257577972145114,1.2564632624202106,0.1920393520227565,0.49694588603712553,0.4183675063313043,0.5615261732462008,0.9512663881122339,0.4405497505958902,0.4510390832394369,-1.155131042454354e-15,0.08924331997831825,-0.3828359449964354,0.6414004295251904,0.28803761771809966,-0.19008359565225305,-0.04820582059725693,0.19183418137631,-0.555189773667016,-0.4961717626599128,-0.4624943244014506,-0.22442820045871142,0.2148884102107163,0.13883866100887873
D5-D6,-0.8007528538958228,0.8392162047340777,-3.3238055790077796e-16,0.9896797761539985,0.7850957158771029,-0.9765115647314928,-0.36528668868893654,-0.527844868505917,-0.34769589576532656,0.014894508178815675,-4.296397297234402e-16,-4.620524169817416e-16,0.2492301501583794,-0.8555160566873985,-0.41121522856970266,-0.3578887397600801,0.48491262247798417,0.4849126214462989,0.07903823203723304,-0.0790382319767852,-0.19959637882371614,-2.1015706300812636e-14,0.48264776343201116,0.21983401220481943,9.265518245270045e-15
D5-E5,-0.8757166310391131,0.31662941877051537,0.2425757797214509,1.2564632624202114,0.19203935202275707,-0.49694588603712486,-0.4183675063313049,-0.5615261732461997,-0.9512663881122309,0.44054975059589807,0.45103908323943265,-7.392838671707866e-16,0.08924331997831889,-0.3828359449964347,-0.6414004295251906,-0.28803761771810005,0.19008359565225252,0.04820582059725604,-0.19183418137630756,0.5551897736670182,-0.4961717626599138,-0.46249432440145355,-0.22442820045871043,0.2148884102107176,0.13883866100887907
D3-D4,0.2889872319515563,-0.30286844041213323,6.370590974415413e-16,1.6755201889751232,0.19203935202275552,0.3692965642078889,0.13814390321203465,0.4231469491482643,0.2787304875027382,0.8740605250342743,7.050687307568982e-15,-7.970404192935043e-16,0.8305241501385259,-0.38283594499643714,0.35386333226872885,0.3079742510350442,-0.19008359580317988,-0.19008359539876307,0.19183418123735946,-0.19183418109064249,0.38627776966687855,-3.35069122823868e-15,-0.20015605441058595,0.2148884102107423,1.525420686721288e-14
F4-G4,-1.1922033024851744,-1.1375616813685463,-9.052330209787247e-16,0.164090544540368,-1.4350775452991003,0.46839796868148326,-1.2521563130478812,-0.2063386354279116,0.31324726927074714,-0.8595149561186308,-3.4926657688548694e-15,-3.8119324400993686e-16,0.4619429458519577,0.36363020687314807,0.24463769388242196,-0.28108943934381453,-0.5505410811758868,0.5505410823471992,-0.08593767382233258,-0.08593767388806045,-0.11762706304699082,-3.23639028410854e-14,0.5069608645824742,0.5241189573443081,4.7457532475773406e-14
E7-F7,-2.0222178437030793,0.5316356046463254,1.3656508734763555,-0.7906654274230942,0.959618942063626,-0.45388255759583285,0.9545029125578898,0.9572435057638968,0.14190807693423996,-0.005360519276760615,-0.16494008292277834,-0.9723937207271351,0.28746254442010305,0.6166033916327716,0.2894865799976491,-0.41881423151197417,-0.7258930970925653,0.183476165431738,-0.3401649229636637,0.27212402497827365,-0.04970869565880359,0.33409535859920686,-0.29174068612041276,0.3720595197351157,0.375298088104469
F7-G7,-2.3420353212071814,0.18194236144204595,1.9049657265581734,-1.2937563808774515,0.29018966589176354,0.4597584323232239,1.6475234455996706,0.4729919342134446,0.5800241063817128,0.9084669833824972,-0.9418036271777132,-0.419222939373025,0.33724667344236575,0.32134435954002094,-0.858182173294389,-0.16733159935885258,-0.4581521197683467,0.4879841289216337,-0.2531434000392825,0.17243416508282491,-0.26280137966966355,-0.48210795555810526,0.35916015134553114,0.37447672673293003,0.1468373674430903
D6-E6,-1.3123038254389825,0.7886163746635451,0.421593052431551,0.34203390938697864,0.9983636158671779,-0.9945204553478769,-0.2079826548859809,0.0242796941391999,-0.48862195111071915,-0.4231762528621538,0.40278830378101044,-0.30418914173262673,-0.2294793596021086,-0.6243956129576517,0.11125593060052831,-0.2767511415059153,0.337939833440264,0.048561642362200036,0.6652202494828252,-0.3750059007179651,-0.2870379127316007,-0.011407732575155758,0.4820351569828989,0.1544831094556664,0.0021567692742755166
E6-F6,-1.8162675845810075,0.2760912278085942,1.1552947723262565,-0.21158933697242865,0.4053072520128334,-0.23524223031884933,0.35297862693864906,0.09709560612251403,-0.574606064226889,-0.012401883421623742,0.5602872042053977,-0.3041891417326266,-0.6093915267630469,-0.15171550126668612,0.24370007126846416,-0.23204323848816644,0.04311080627797372,-0.7045235407832854,0.3943478363576557,-0.49488031407950195,-0.06524326582255355,0.13896119466312154,-0.12936544534915512,0.14953750746165115,-0.5042893622807738
B6-C6,-0.19063808209626196,1.8272141162237225,-1.1552947723262572,-0.21158933697242838,0.40530725201283274,0.05417432689312043,-0.42071125526488934,-0.48959564070974876,0.3160629595074762,-0.012401883421620434,-0.5602872042053991,0.304189141732627,-0.6093915267630461,-0.1517155012666877,-0.19619021196680436,0.2733920079167476,-0.7045235406915661,0.043110807776892385,0.4948803143811066,-0.39434783597916734,-0.06524326582256174,-0.13896119466312495,-0.12936544534914726,0.149537507461592,0.5042893622808118
C5-C6,-0.2006997212048733,1.3982141342249876,-0.6641688321530024,0.6088173956531919,0.40530725201283,-0.5598677725738771,-0.14099870893022876,-1.0071820199404826,0.4225601762310738,0.0024789895549340935,-0.8538273870204447,0.30418914173262795,-0.38946618978216774,-0.15171550126668754,-0.22133343099103614,-0.08923733370667603,-0.38814515839512376,0.04311080744033478,-0.259222104624235,-0.3943478362675395,-0.5836132965677954,0.4739020569765927,-0.2250408069077884,0.14953750746165953,-0.14099543028311498
A3-A4,1.5788839153822352,0.961341772013208,0.49741743557615864,-0.3370345568789153,-1.5114504576166161,-0.7417561550514983,0.858871030356584,0.80463426663632,-0.6369747792547811,-0.8750193847962472,0.10942028741267316,0.5531707813541084,0.6450042392352052,-0.40430893691056846,-0.7748277373074518,0.19983363002643215,-0.012028921993671017,-0.37014293328245534,-0.2719562620326861,-0.44295158219146885,-0.042867986002719696,0.32013347856410135,-0.27450931495773406,0.5314817663359641,0.37904981587373754
A4-A5,1.0343053696350006,1.53207859563876,-0.4974174355761575,-0.33703455687891526,-1.5114504576166132,-0.004034757154659403,1.1348327458604932,0.2675613719622469,-0.9907492541938803,-0.8750193847962453,-0.10942028741268692,-0.5531707813541085,0.6450042392352053,-0.40430893691056835,-0.0909888095901216,0.794992162678286,0.3701429333080442,0.01202892120616678,-0.44295158198347545,-0.27195626237146064,-0.042867986002718114,-0.32013347856412544,-0.2745093149577516,0.5314817663360065,-0.3790498158736365
C2-D2,1.3123038254389823,-0.7886163746635464,0.4215930524315512,0.3420339093869784,0.9983636158671783,0.9945204553478778,0.20798265488597995,-0.02427969413920133,0.488621951110715,-0.42317625286215793,0.40278830378101194,-0.3041891417326274,-0.22947935960210833,-0.6243956129576513,-0.111255930600529,0.27675114150591545,-0.3379398334402633,-0.048561642362199495,-0.6652202494828252,0.3750059007179641,-0.28703791273160234,-0.011407732575158617,0.4820351569828962,0.1544831094556669,0.0021567692742752343
D2-E2,0.7262263215075228,-1.3478324994593787,-0.42159305243155154,0.3420339093869789,0.9983636158671777,0.886859169978215,0.4957908162363661,0.439344038688638,-0.2152155438705436,-0.42317625286215044,-0.4027883037810169,0.3041891417326269,-0.22947935960210772,-0.6243956129576519,0.2587486939750636,-0.14838527482474898,-0.048561643081187704,-0.3379398333369435,-0.3750059012267304,0.6652202491960186,-0.28703791273159995,0.011407732575121225,0.482035156982907,0.15448310945570848,-0.002156769274244203
A6-B6,0.17700839064154755,2.1316646885748884,-1.6019351577949037,-0.8431635723632193,-0.29018966589175677,1.0511009828556974,-0.1880721002458057,-0.0052987727162669895,-0.35255743282408475,0.42091827884139027,0.11686146991107016,-0.4192229393730274,-0.2755109161240885,-0.32134435954002016,0.22045744420192162,-0.0919720026688893,-0.38921086984590736,0.4581521207014892,0.3766396441890757,-0.25314339982931566,0.09732687420596337,-0.1643308072733409,-0.12167110891219034,-0.37447672673294374,0.5101978593243681
B5-B6,0.2760912278085946,1.816267584581007,-1.1552947723262568,-0.21158933697243038,-0.40530725201283196,0.35297862693864956,0.23524223031884967,-0.5746060642268885,-0.09709560612251439,-0.012401883421619025,-0.5602872042054017,-0.3041891417326239,-0.6093915267630451,0.15171550126668973,0.23204323848816713,0.24370007126846327,-0.7045235407832867,-0.043110806277971966,0.49488031407950545,0.39434783635765763,-0.06524326582255932,-0.13896119466312146,-0.12936544534913066,-0.14953750746171582,0.5042893622806854
D3-E3,0.2752262535931736,-0.8895978394996886,-0.24257577972145042,1.2564632624202108,0.19203935202275738,0.649520167327156,0.010494581382796991,1.0956828497577629,0.1403512634048008,0.44054975059589885,-0.45103908323942793,3.4653931273630622e-16,0.08924331997831973,-0.38283594499643464,0.3737999655856728,0.5955113482915054,-0.048205821001673685,-0.19008359554968943,0.5551897738137338,-0.19183418095169402,-0.4961717626599087,0.4624943244014514,-0.22442820045868678,0.21488841021077248,-0.13883866100886263
E3-E4,-0.3166294187705156,-0.8757166310391123,-0.2425757797214506,1.2564632624202094,-0.19203935202276465,0.41836750633130365,-0.4969458860371267,0.951266388112233,-0.5615261732461965,0.44054975059590085,-0.4510390832394294,1.028066627784375e-15,0.0892433199783221,0.38283594499643525,-0.28803761771810044,0.6414004295251898,-0.04820582059725742,0.19008359565225197,0.5551897736670176,0.19183418137630945,-0.4961717626599105,0.46249432440146676,-0.2244282004586322,-0.21488841021076024,-0.13883866100888292
F2-G2,-0.17700839064154633,-2.1316646885748876,-1.6019351577949035,-0.8431635723632188,-0.2901896658917556,-1.0511009828556974,0.1880721002458056,0.005298772716267985,0.3525574328240864,0.4209182788413883,0.11686146991107155,-0.41922293937302796,-0.27551091612408884,-0.32134435954002005,-0.22045744420192268,0.09197200266889041,0.38921086984590664,-0.45815212070148953,-0.3766396441890741,0.2531433998293152,0.09732687420596199,-0.16433080727333785,-0.12167110891218232,-0.3744767267329471,0.5101978593243702
C5-D5,-0.2752262535931739,0.8895978394996886,-0.24257577972145067,1.2564632624202117,0.1920393520227558,-0.649520167327156,-0.010494581382797782,-1.0956828497577613,-0.14035126340479515,0.44054975059590135,-0.4510390832394293,1.2706441466997895e-15,0.08924331997831955,-0.3828359449964347,-0.37379996558567424,-0.5955113482915064,0.04820582100167204,0.1900835955496902,-0.5551897738137334,0.19183418095169363,-0.49617176265991003,0.46249432440144783,-0.22442820045869102,0.21488841021077426,-0.13883866100885994
D2-D3,0.8007528538958224,-0.8392162047340785,3.910442230205499e-16,0.9896797761539977,0.7850957158771034,0.9765115647314943,0.3652866886889355,0.5278448685059174,0.3476958957653275,0.014894508178812133,1.1981732664073666e-15,-4.620524169817416e-16,0.24923015015837868,-0.855516056687399,0.41121522856970166,0.3578887397600794,-0.4849126224779848,-0.4849126214462991,-0.0790382320372332,0.07903823197678614,-0.19959637882371714,-2.0739746077445476e-14,0.4826477634320087,0.21983401220481852,6.525410715418844e-15
C3-C4,0.8895978394996884,0.27522625359317315,0.2425757797214514,1.256463262420209,-0.19203935202276454,-0.010494581382796847,0.649520167327157,-0.1403512634047963,1.0956828497577635,0.4405497505958907,0.45103908323943703,-6.006681420762641e-16,0.0892433199783206,0.38283594499643375,0.595511348291506,-0.3737999655856731,0.1900835955496911,-0.048205821001672464,-0.19183418095169258,-0.5551897738137334,-0.496171762659915,-0.46249432440143584,-0.22442820045865894,-0.21488841021081595,0.13883866100885772
G3-G4,-1.0343053696350006,-1.5320785956387595,-0.49741743557615914,-0.3370345568789166,-1.5114504576166168,0.00403475715466,-1.1348327458604912,-0.2675613719622487,0.9907492541938724,-0.8750193847962519,-0.10942028741268303,-0.5531707813541086,0.6450042392352038,-0.4043089369105685,0.09098880959012104,-0.794992162678288,-0.3701429333080441,-0.012028921206167442,0.4429515819834759,0.2719562623714606,-0.042867986002715526,-0.32013347856412416,-0.2745093149577498,0.531481766336004,-0.3790498158736374
G4-G5,-1.5788839153822345,-0.9613417720132085,0.49741743557615775,-0.3370345568789167,-1.5114504576166163,0.7417561550514986,-0.8588710303565829,-0.8046342666363222,0.6369747792547724,-0.8750193847962515,0.10942028741267718,0.5531707813541079,0.6450042392352054,-0.4043089369105697,0.7748277373074505,-0.19983363002643234,0.012028921993671364,0.37014293328245484,0.27195626203268675,0.4429515821914693,-0.042867986002718524,0.3201334785641037,-0.2745093149577286,0.5314817663359613,0.3790498158737383
E5-E6,-1.3872676025822737,0.2660295886999833,0.6641688321530018,0.6088173956531917,0.40530725201283196,-0.5149547766535092,-0.261063472528349,-0.0094016106010828,-1.092192443457624,0.0024789895549285606,0.8538273870204438,-0.30418914173262673,-0.38946618978216946,-0.15171550126668795,-0.11892927035495994,-0.206900019463935,0.0431108066145324,-0.3881451584868434,0.39434783606928464,0.25922210492583814,-0.5836132965677978,-0.47390205697658805,-0.22504080690782216,0.14953750746156444,0.14099543028314557
E6-E7,-1.7068207397091972,0.6307184418133723,0.9190104880077086,-0.1590911920323057,1.074736528184699,-0.8771968881604881,0.25638055664084175,0.701781679062325,-0.4273992145763829,-0.43868068153977474,0.5122085911936884,-0.8573599230867358,-0.04641806621885732,0.14354353082606341,0.6251586539350026,-0.43040002579821757,-0.2246301701131023,-0.1318365055056404,0.30732631322330733,0.15388335508784456,-0.2122788356873288,0.3087257459889777,-0.29943502255730925,0.14712030046380858,0.3812065851479658
A2-B2,2.137619261932718,0.07687786345117677,1.6019351577949046,-0.8431635723632182,-0.29018966589175665,-0.6696146703997454,-0.8317455044883137,0.32601005565480645,-0.1343214950920303,0.4209182788413909,-0.11686146991106754,0.41922293937302757,-0.2755109161240873,-0.3213443595400192,0.06066698141333974,-0.23104080017426307,-0.4581521198734184,0.3892108708206578,-0.2531434001173725,0.3766396439954683,0.0973268742059674,0.16433080727336916,-0.12167110891218778,-0.3744767267328858,-0.5101978593244253
F3-F4,-0.7886163746635463,-1.3123038254389836,-0.4215930524315521,0.3420339093869724,-0.9983636158671793,0.2079826548859809,-0.9945204553478769,0.4886219511107169,0.024279694139199493,-0.42317625286215205,-0.4027883037810175,-0.30418914173262424,-0.22947935960210425,0.6243956129576539,-0.2767511415059163,-0.11125593060052777,-0.048561642362199835,0.3379398334402612,-0.3750059007179644,-0.6652202494828254,-0.28703791273160206,0.011407732575123715,0.48203515698292043,-0.15448310945560403,-0.0021567692743740476
E4-E5,-0.88959783949969,-0.2752262535931735,0.24257577972145047,1.25646326242021,-0.19203935202276384,0.010494581382797493,-0.6495201673271569,0.14035126340479853,-1.0956828497577598,0.44054975059589735,0.45103908323943265,-6.006681420762641e-16,0.08924331997832093,0.38283594499643486,-0.5955113482915049,0.3737999655856736,-0.19008359554969037,0.0482058210016718,0.1918341809516957,0.5551897738137355,-0.49617176265991614,-0.46249432440143556,-0.224428200458655,-0.21488841021081748,0.13883866100885675
E1-F1,0.4362461935070994,-2.0449182580654317,-1.3656508734763555,-0.7906654274230935,0.9596189420636249,-0.283997290308278,1.0180524177412398,-0.5083006070971687,-0.8234582712262849,-0.005360519276758096,0.16494008292277773,0.9723937207271357,0.2874625444201039,0.616603391632772,0.3748550914999025,-0.34451632891968903,-0.18347616388735116,0.725893097482924,0.2721240252384353,-0.34016492275554105,-0.049708695658799214,-0.3340953585992177,-0.2917406861204453,0.37205951973511653,-0.3752980881044066
A3-B3,1.7345131123564403,0.5500064121521857,0.9190104880077097,-0.15909119203231117,-1.074736528184697,-0.7691490026063826,0.4935738872869182,0.8135111750789523,0.11561652870460966,-0.4386806815397778,0.5122085911936936,0.857359923086733,-0.04641806621885746,-0.14354353082606439,-0.6785753182497807,-0.3400045032924443,-0.22463016983261208,0.1318365059835558,0.3073263133409987,-0.15388335485279683,-0.2122788356873268,0.3087257459889951,-0.29943502255727183,-0.14712030046391322,0.381206585148023
D4-D5,-0.288987231951557,0.3028684404121315,2.513866665507127e-16,1.675520188975124,0.1920393520227547,-0.36929656420788687,-0.13814390321203637,-0.4231469491482629,-0.2787304875027298,0.8740605250342771,5.5172696660910844e-15,-3.9274455443448037e-16,0.8305241501385262,-0.3828359449964368,-0.35386333226873,-0.3079742510350444,0.19008359580317932,0.19008359539876268,-0.19183418123735976,0.19183418109064318,0.38627776966687827,-5.312679396952296e-15,-0.20015605441058695,0.21488841021074462,1.661013636652069e-14
C6-C7,-0.5500064121521848,1.7345131123564392,-0.9190104880077107,-0.159091192032306,1.0747365281846974,-0.49357388728691654,-0.769149002606384,-0.11561652870461261,0.8135111750789533,-0.4386806815397731,-0.5122085911936924,0.8573599230867353,-0.046418066218855664,0.14354353082606416,-0.3400045032924443,0.6785753182497772,-0.13183650598355942,-0.22463016983261316,-0.15388335485279686,-0.307326313340997,-0.2122788356873261,-0.30872574598897096,-0.29943502255731713,0.14712030046389044,-0.38120658514792966
A5-B5,0.6307184418133731,1.7068207397091966,-0.9190104880077097,-0.1590911920323118,-1.0747365281846952,0.25638055664084203,0.8771968881604877,-0.42739921457638036,-0.701781679062328,-0.43868068153976714,-0.5122085911936993,-0.8573599230867321,-0.046418066218856364,-0.1435435308260639,0.43040002579821685,0.6251586539350011,-0.13183650550564258,0.2246301701131055,-0.1538833550878437,0.307326313223308,-0.21227883568732456,-0.3087257459889656,-0.29943502255729654,-0.14712030046390936,-0.3812065851480554
F1-G1,0.07194389265067795,-2.3479898945650057,-1.904965726558173,-1.2937563808774517,0.29018966589176204,-1.42816796723229,0.9413010024771641,-0.7196443741900083,-0.20557555426544585,0.9084669833824888,0.9418036271777236,0.4192229393730241,0.33724667344236686,0.32134435954001994,0.2841666450173323,0.8268771520388416,-0.4879841279468888,0.4581521208065631,0.17243416527643204,-0.25314339990740353,-0.26280137966965866,0.4821079555580601,0.35916015134554186,0.37447672673295207,-0.1468373674430373
G1-G2,-0.1819423614420456,-2.3420353212071783,-1.904965726558174,-1.2937563808774541,-0.2901896658917539,-1.647523445599672,0.45975843232322455,-0.580024106381709,0.47299193421344565,0.908466983382486,0.9418036271777228,-0.419222939373031,0.33724667344236353,-0.321344359540021,-0.16733159935885156,0.8581821732943898,-0.48798412892163806,-0.4581521197683445,0.17243416508282644,0.2531434000392848,-0.26280137966966083,0.4821079555580941,0.35916015134562984,-0.374476726732812,-0.14683736744300036
C2-C3,1.3872676025822726,-0.2660295886999837,0.6641688321530026,0.6088173956531913,0.4053072520128315,0.5149547766535099,0.26106347252834916,0.009401610601082269,1.0921924434576218,0.00247898955492001,0.8538273870204475,-0.304189141732628,-0.3894661897821687,-0.15171550126668823,0.11892927035496022,0.2069000194639356,-0.04311080661453157,0.3881451584868431,-0.39434783606928236,-0.259222104925838,-0.5836132965677974,-0.4739020569765883,-0.2250408069078233,0.14953750746156408,0.14099543028314804
C6-D6,-0.7262263215075216,1.3478324994593769,-0.42159305243155193,0.3420339093869788,0.9983636158671768,-0.8868591699782138,-0.49579081623636767,-0.4393440386886383,0.2152155438705422,-0.42317625286215144,-0.40278830378101615,0.3041891417326263,-0.22947935960210777,-0.624395612957651,-0.25874869397506417,0.1483852748247499,0.04856164308118846,0.33793983333694366,0.375005901226731,-0.665220249196019,-0.28703791273160156,0.0114077325751238,0.4820351569829129,0.1544831094557049,-0.0021567692742460536
D4-E4,-0.302868440412133,-0.2889872319515575,5.458225244913691e-16,1.6755201889751217,-0.19203935202276598,0.13814390321203654,-0.36929656420788926,0.2787304875027346,-0.42314694914825907,0.8740605250342766,5.683561008685127e-15,-1.0396179382089186e-16,0.8305241501385282,0.3828359449964324,-0.3079742510350442,0.3538633322687288,-0.19008359539876368,0.19008359580317802,0.1918341810906433,0.19183418123736046,0.3862777696668769,1.229180246533467e-14,-0.2001560544105317,-0.21488841021079,-5.070611356786504e-15
B6-B7,-0.07687786345117555,2.137619261932715,-1.6019351577949035,-0.8431635723632164,0.29018966589176004,0.8317455044883145,-0.6696146703997461,0.1343214950920323,0.3260100556548074,0.4209182788413874,0.11686146991107413,0.41922293937302646,-0.2755109161240861,0.321344359540021,-0.23104080017426093,-0.06066698141334225,-0.38921087082065464,-0.4581521198734171,0.3766396439954682,0.2531434001173736,0.09732687420596456,-0.16433080727337304,-0.12167110891227557,0.3744767267328215,0.5101978593243351
F6-G6,-2.137619261932716,-0.0768778634511757,1.6019351577949021,-0.8431635723632188,-0.2901896658917555,0.6696146703997461,0.8317455044883149,-0.3260100556548051,0.13432149509203348,0.42091827884139116,-0.11686146991106706,0.41922293937302796,-0.27551091612408757,-0.3213443595400189,-0.06066698141334221,0.2310408001742633,0.458152119873419,-0.389210870820656,0.25314340011737135,-0.376639643995466,0.09732687420597008,0.1643308072733691,-0.12167110891219113,-0.37447672673288446,-0.5101978593244271
C1-C2,1.7068207397091977,-0.6307184418133721,0.9190104880077097,-0.15909119203230546,1.0747365281846972,0.877196888160489,-0.2563805566408428,-0.7017816790623271,0.4273992145763771,-0.43868068153977713,0.5122085911936887,-0.857359923086736,-0.046418066218856996,0.14354353082606372,-0.6251586539350038,0.4304000257982175,0.22463017011310227,0.13183650550564133,-0.30732631322330606,-0.15388335508784382,-0.21227883568732753,0.3087257459889782,-0.29943502255730664,0.14712030046380503,0.38120658514796646
C1-D1,1.5320785956387615,-1.0343053696350002,0.49741743557615864,-0.33703455687890654,1.511450457616618,1.1348327458604939,0.0040347571546583035,-0.990749254193878,-0.26756137196225244,-0.8750193847962479,0.10942028741267193,-0.5531707813541088,0.645004239235206,0.40430893691056513,-0.7949921626782874,-0.09098880959012068,0.012028921206166604,-0.37014293330804693,0.2719562623714603,-0.4429515819834733,-0.04286798600272094,0.32013347856414115,-0.27450931495762015,-0.5314817663360633,0.37904981587363773
F3-G3,-0.6307184418133727,-1.706820739709197,-0.9190104880077105,-0.15909119203231253,-1.0747365281846963,-0.2563805566408418,-0.8771968881604872,0.42739921457637997,0.7017816790623248,-0.43868068153977297,-0.5122085911936968,-0.8573599230867327,-0.04641806621885779,-0.14354353082606272,-0.43040002579821696,-0.6251586539350019,0.13183650550564338,-0.22463017011310515,0.15388335508784415,-0.3073263132233044,-0.21227883568732683,-0.30872574598896846,-0.2994350225573037,-0.1471203004639076,-0.38120658514805905
A7-B7,-0.07194389265067651,2.3479898945650075,-1.9049657265581736,-1.2937563808774524,0.2901896658917622,1.4281679672322884,-0.9413010024771647,0.7196443741900093,0.20557555426544957,0.908466983382486,0.9418036271777256,0.41922293937302535,0.33724667344236475,0.32134435954002016,-0.28416664501733246,-0.8268771520388419,0.48798412794688817,-0.45815212080656315,-0.1724341652764336,0.25314339990740387,-0.2628013796696603,0.48210795555806296,0.35916015134554813,0.3744767267329489,-0.1468373674430339
B7-C7,-0.436246193507099,2.044918258065432,-1.3656508734763568,-0.7906654274230943,0.9596189420636249,0.2839972903082773,-1.0180524177412411,0.5083006070971686,0.8234582712262842,-0.005360519276765433,0.16494008292278084,0.9723937207271356,0.2874625444201022,0.616603391632773,-0.37485509149990076,0.34451632891968803,0.1834761638873519,-0.7258930974829235,-0.2721240252384347,0.34016492275554383,-0.049708695658799,-0.33409535859921863,-0.29174068612044635,0.37205951973511975,-0.3752980881044056
D1-D2,1.1375616813685454,-1.192203302485174,8.438567279650391e-17,0.16409054454037794,1.435077545299099,1.2521563130478823,0.46839796868148115,-0.3132472692707513,-0.2063386354279144,-0.8595149561186288,-5.104527780661608e-15,-4.0429586485902394e-16,0.4619429458519548,-0.3636302068731506,-0.28108943934381186,-0.24463769388242293,-0.5505410823471992,-0.550541081175888,-0.08593767388805834,0.08593767382233491,-0.11762706304699559,4.13762296196955e-15,0.506960864582583,-0.5241189573442012,-5.2824753410533494e-14
F6-F7,-2.131664688574889,0.17700839064154697,1.6019351577949015,-0.8431635723632166,0.29018966589176076,0.18807210024580545,1.051100982855697,0.35255743282408614,-0.005298772716267099,0.42091827884139105,-0.1168614699110693,-0.41922293937302674,-0.2755109161240864,0.321344359540022,-0.09197200266888864,-0.22045744420192334,-0.45815212070148986,-0.3892108698459083,-0.25314339982931516,-0.3766396441890733,0.09732687420597153,0.16433080727335006,-0.12167110891225813,0.37447672673295895,-0.5101978593242702
D1-E1,0.9613417720132089,-1.5788839153822358,-0.49741743557615836,-0.33703455687890627,1.5114504576166194,0.8588710303565835,0.741756155051498,-0.6369747792547773,-0.8046342666363254,-0.8750193847962453,-0.1094202874126833,0.5531707813541092,0.645004239235207,0.4043089369105651,-0.1998336300264315,-0.7748277373074525,-0.3701429332824528,0.01202892199366951,0.4429515821914706,-0.27195626203268597,-0.04286798600271949,-0.3201334785640878,-0.2745093149576452,-0.5314817663360178,-0.3790498158737347
G2-G3,-0.5316356046463251,-2.0222178437030767,-1.365650873476356,-0.7906654274231002,-0.9596189420636193,-0.9545029125578899,-0.453882557595831,-0.14190807693424026,0.957243505763896,-0.005360519276764648,0.16494008292277576,-0.972393720727137,0.28746254442009816,-0.616603391632773,-0.4188142315119717,-0.2894865799976491,-0.18347616543173637,-0.7258930970925666,0.2721240249782743,0.3401649229636667,-0.0497086956588004,-0.3340953585991842,-0.291740686120356,-0.37205951973513685,-0.37529808810437265
D7-E7,-1.5320785956387597,1.0343053696349997,0.4974174355761575,-0.3370345568789072,1.511450457616618,-1.1348327458604932,-0.004034757154659181,0.9907492541938745,0.2675613719622443,-0.8750193847962517,0.109420287412674,-0.5531707813541098,0.6450042392352076,0.4043089369105635,0.7949921626782858,0.09098880959012115,-0.012028921206167538,0.37014293330804726,-0.2719562623714594,0.44295158198347445,-0.04286798600272206,0.32013347856413965,-0.27450931495762504,-0.5314817663360615,0.37904981587363945
B1-B2,2.1316646885748898,-0.1770083906415467,1.6019351577949041,-0.8431635723632164,0.2901896658917592,-0.18807210024580578,-1.0511009828556968,-0.3525574328240853,0.005298772716268918,0.42091827884139077,-0.11686146991106919,-0.4192229393730274,-0.27551091612408574,0.3213443595400216,0.09197200266888733,0.22045744420192234,0.45815212070149003,0.3892108698459097,0.25314339982931305,0.37663964418907414,0.09732687420597105,0.16433080727334903,-0.12167110891226254,0.3744767267329614,-0.5101978593242705
G6-G7,-2.347989894565009,-0.07194389265067797,1.9049657265581723,-1.2937563808774535,-0.29018966589175316,0.941301002477164,1.4281679672322873,-0.2055755542654466,0.7196443741900128,0.9084669833824977,-0.9418036271777112,0.41922293937302924,0.3372466734423647,-0.3213443595400202,-0.8268771520388418,0.28416664501733413,0.4581521208065628,0.48798412794688484,0.2531433999074045,0.17243416527643168,-0.2628013796696657,-0.48210795555808633,0.35916015134559837,-0.3744767267329128,0.14683736744293355
E1-E2,0.5500064121521854,-1.7345131123564388,-0.9190104880077099,-0.15909119203230535,1.0747365281846988,0.49357388728691626,0.7691490026063825,0.11561652870461236,-0.8135111750789547,-0.4386806815397664,-0.5122085911936952,0.857359923086736,-0.04641806621885567,0.1435435308260637,0.3400045032924444,-0.6785753182497785,0.13183650598355862,0.22463016983261352,0.1538833548527983,0.30732631334099797,-0.21227883568732364,-0.30872574598897073,-0.2994350225573207,0.1471203004638919,-0.38120658514792577
